{"cameraMode":{"drawMode":0,"name":"Shaded","section":"Shading Mode"},"sceneLighting":true,"audioPlay":false,"sceneViewState":{"showFog":true,"showMaterialUpdate":false,"showSkybox":true,"showFlares":true,"showImageEffects":true,"showParticleSystems":true},"in2DMode":false,"pivot":{"x":0.989461362361908,"y":-1.3067646026611329,"z":-5.4625678062438969},"rotation":{"x":-0.017927568405866624,"y":-0.9406812787055969,"z":0.33520033955574038,"w":-0.05031814053654671},"size":9.639092445373536,"orthographic":false}