{"cameraMode":{"drawMode":0,"name":"Shaded","section":"Shading Mode"},"sceneLighting":true,"audioPlay":false,"sceneViewState":{"showFog":true,"showMaterialUpdate":false,"showSkybox":true,"showFlares":true,"showImageEffects":true,"showParticleSystems":true},"in2DMode":false,"pivot":{"x":0.9005222916603088,"y":-246.3925323486328,"z":-0.21078836917877198},"rotation":{"x":0.10443484038114548,"y":-0.3313397169113159,"z":0.036930594593286517,"w":0.9369874000549316},"size":1.4423596858978272,"orthographic":false}